size,avg_adds,avg_muls,avg_time_seconds
1,0.0,0.0,1.0693333333333333e-6
8,2396.0,670.0,0.00015926399999999997
15,21615.0,4754.0,0.0011123473333333334
22,171184.0,33210.0,0.028288736
29,172306.0,33502.0,0.007191069333333334
36,1.275276e6,231122.0,0.05418045833333333
43,1.289889e6,234384.0,0.05331155533333334
50,1.292278e6,234946.0,0.05299362466666666
57,1.293143e6,235058.0,0.05341423566666667
64,1.294092e6,235170.0,0.053184014
