size,avg_adds,avg_muls,avg_time_seconds
1,0.0,0.0,1.2913333333333334e-6
8,802.0,245.0,7.272233333333333e-5
15,7625.0,1772.0,0.00036483333333333333
22,61983.0,12399.0,0.0026390416666666667
29,62637.0,12636.0,0.002853541333333333
36,467176.0,86087.0,0.020376125000000002
43,476731.0,88446.0,0.020705208333333332
50,478391.0,88989.0,0.020350486
57,478780.0,89086.0,0.02061268033333333
64,479106.0,89211.0,0.020461388666666667
